codigo_compania,nombre_compania
IBE,IBERIA
XLE,LATAM ECUADOR
ADC,AEROVIAS DAP (centro/norte)
LAW,LAW
ETA,ETHOPIAN AIRLINES
KAI,KALITTA AIR
LRC,LACSA
UCA,LATAM CARGO
AZI,ALITALIA
COG,OCEANAIR
QAF,QANTAS
LUD,LATAM DOMESTICO
LAT,LATAM INTER
EAL,EASTERN AIRLINES
KEA,KOREAN AIR
BTA,BRITISH
LAM,LATAM ARGENTINA
MPH,MARTINAIR HOLLAND
NCY,NO_COMPANY
UAN,UNITED
